old_filename,new_filename,product_id,source_name_ua,product_link
53497941871754 (1).webp,adaferin-adapalene-gel-galderma-acne-15g.webp,784,Адапален гель - Adapalene Galderma 15 г,http://kirkland.in.ua/adaferin15-ua
adapalen-adapalen-hel-vid-akne-adaferin-30-h-galderma-hretsiia-20938382881392 (2).webp,adapalene-gel-0-1-acne-wrinkles.webp,783,"Гель Adapalene (Адапален, Дифферин) від прищів та зморшок 0.1%",http://kirkland.in.ua/adaferin-ua
advantan-maz-pry-dermatyti-ekzema-60565271948083.webp,advantan-ointment-methylprednisolone-aceponate-0-1-dermatitis-30g-2.webp,175,"Advantan мазь 0,1% (метилпреднізолону ацепонат) 30 г",http://kirkland.in.ua/advantan-maz-ua
34.jpg,advantan-ointment-methylprednisolone-aceponate-0-1-dermatitis-30g.jpg,175,"Advantan мазь 0,1% (метилпреднізолону ацепонат) 30 г",http://kirkland.in.ua/advantan-maz-ua
130.jpg,airy-easy-glossy-foam-hair-styling-wet-look.jpg,1428,AE Airy & Easy Glossy Foam — пінка для укладки з ефектом wet hair,http://kirkland.in.ua/ae-airy-easy-glossy-foam-wet-hair
132.jpg,airy-easy-glossy-gel-hair-styling-wet-look-2.jpg,1426,ARY & EASY Glossy Gel — глянцевий гель для волосся з ефектом wet hair,http://kirkland.in.ua/airy-easy-glossy-gel-wet-hair
129.jpg,airy-easy-glossy-gel-hair-styling-wet-look.jpg,1426,ARY & EASY Glossy Gel — глянцевий гель для волосся з ефектом wet hair,http://kirkland.in.ua/airy-easy-glossy-gel-wet-hair
131.jpg,airy-easy-glossy-wax-hair-styling-wet-look.jpg,1424,Airy & Easy Glossy Wax — глянцевий віск для укладки волосся з ефектом Wet Hair,http://kirkland.in.ua/airy-easy-glossy-wax-wet-hair
209.jpg,airy-easy-melty-repair-honey-shampoo-moisturizing-2.jpg,1387,Зволожувальний медовий шампунь Airy & Easy Melty-Repair Shampoo,http://kirkland.in.ua/airy-easy-melty-repair-shampoo-kupiti-ukraina
210.jpg,airy-easy-melty-repair-honey-shampoo-moisturizing-3.jpg,1387,Зволожувальний медовий шампунь Airy & Easy Melty-Repair Shampoo,http://kirkland.in.ua/airy-easy-melty-repair-shampoo-kupiti-ukraina
187.jpg,airy-easy-melty-repair-honey-shampoo-moisturizing.jpg,1387,Зволожувальний медовий шампунь Airy & Easy Melty-Repair Shampoo,http://kirkland.in.ua/airy-easy-melty-repair-shampoo-kupiti-ukraina
212.jpg,airy-easy-melty-repair-treatment-damaged-hair-2.jpg,1388,Відновлювальний кондиціонер Airy & Easy Melty-Repair Treatmen,http://kirkland.in.ua/airy-easy-melty-repair-treatment-konditsioner
211.jpg,airy-easy-melty-repair-treatment-damaged-hair.jpg,1388,Відновлювальний кондиціонер Airy & Easy Melty-Repair Treatmen,http://kirkland.in.ua/airy-easy-melty-repair-treatment-konditsioner
128.jpg,airy-easy-prism-hair-gelee-styling-wet-look-100g.jpg,1427,"Airy & Easy Prism Hair Gelee — глянцеве желе для волосся з ефектом wet hair, 100 г",http://kirkland.in.ua/airy-easy-prism-hair-gelee-100g
213.jpg,airy-easy-souffle-hair-balm-glossy-finish-50g.jpg,1430,"Airy & Easy Souffle Hair Balm — суфле-бальзам для волосся з глянцевим фінішем, 50 г",http://kirkland.in.ua/airy-easy-souffle-hair-balm-50g
1513-1000x1000 (1).png,aklief-cream-trifarotene-0-005-acne-30g-2.png,1513,"Aklief Trifarotene 50 крем від акне з трифаротеном 0.005% Акліф, 30 г",http://kirkland.in.ua/aklief-trifarotene-50mcg-cream-30g-ua
1513-1000x1000.png,aklief-cream-trifarotene-0-005-acne-30g.png,1513,"Aklief Trifarotene 50 крем від акне з трифаротеном 0.005% Акліф, 30 г",http://kirkland.in.ua/aklief-trifarotene-50mcg-cream-30g-ua
16.jpg,aknetrent-isotretinoin-10mg-capsules-severe-acne-2.jpg,317,Акнетрент турецький Роак-кутан з ізо-трети-ноін Aknetrent 10мг,http://kirkland.in.ua/aknetrent-10
33.jpg,aknetrent-isotretinoin-10mg-capsules-severe-acne-3.jpg,317,Акнетрент турецький Роак-кутан з ізо-трети-ноін Aknetrent 10мг,http://kirkland.in.ua/aknetrent-10
akne-trent-turetskyi-roak-kutan-z-izo-trety-noin.jpg,aknetrent-isotretinoin-10mg-capsules-severe-acne-4.jpg,317,Акнетрент турецький Роак-кутан з ізо-трети-ноін Aknetrent 10мг,http://kirkland.in.ua/aknetrent-10
15.jpg,aknetrent-isotretinoin-10mg-capsules-severe-acne.jpg,317,Акнетрент турецький Роак-кутан з ізо-трети-ноін Aknetrent 10мг,http://kirkland.in.ua/aknetrent-10
18.jpg,aknetrent-isotretinoin-20mg-capsules-severe-acne-2.jpg,234,Aknetrent Акнетрент 20 mg Roaccutan,http://kirkland.in.ua/aknetrent-ukr
17.jpg,aknetrent-isotretinoin-20mg-capsules-severe-acne.jpg,234,Aknetrent Акнетрент 20 mg Roaccutan,http://kirkland.in.ua/aknetrent-ukr
ec0ec9a7-496a-49b0-b3bb-605bfcd56dea (1).png,alister-clindabar-soap-clindamycin-benzoyl-peroxide-acne-75g-2.png,1476,"Мило Clindabar Alister з кліндаміцином і бензоїл пероксидом для шкіри з висипаннями, 75 г",http://kirkland.in.ua/clindabar-medicated-soap-clindamycin-benzoyl-peroxide-ua
83040952059245.jpg,alister-clindabar-soap-clindamycin-benzoyl-peroxide-acne-75g.jpg,1476,"Мило Clindabar Alister з кліндаміцином і бензоїл пероксидом для шкіри з висипаннями, 75 г",http://kirkland.in.ua/clindabar-medicated-soap-clindamycin-benzoyl-peroxide-ua
1481_.png,alister-keto-care-soap-ketoconazole-2-zinc-pyrithione-1-fungus-seborrhea-2.png,1481,KETO-CARE Alister мило з кетоконазолом 2% і цинк піритіоном 1% від грибкового та себорейно,http://kirkland.in.ua/keto-care-alister-ketoconazole-zinc-pyrithione-soap-ua
ef525913-44dc-4493-8107-0d091ba37d99.png,alister-keto-care-soap-ketoconazole-2-zinc-pyrithione-1-fungus-seborrhea-3.png,1481,KETO-CARE Alister мило з кетоконазолом 2% і цинк піритіоном 1% від грибкового та себорейно,http://kirkland.in.ua/keto-care-alister-ketoconazole-zinc-pyrithione-soap-ua
75639275091392.jpg,alister-keto-care-soap-ketoconazole-2-zinc-pyrithione-1-fungus-seborrhea.jpg,1481,KETO-CARE Alister мило з кетоконазолом 2% і цинк піритіоном 1% від грибкового та себорейно,http://kirkland.in.ua/keto-care-alister-ketoconazole-zinc-pyrithione-soap-ua
38.jpg,alister-minosol-f-solution-minoxidil-5-finasteride-0-1-hair-loss-60ml-2.jpg,1480,"MINOSOL-F Alister розчин з міноксидилом 5% і фінастеридом 0,1% для шкіри голови, 60 мл",
42.jpg,alister-minosol-f-solution-minoxidil-5-finasteride-0-1-hair-loss-60ml-3.jpg,1480,"MINOSOL-F Alister розчин з міноксидилом 5% і фінастеридом 0,1% для шкіри голови, 60 мл",
36.jpg,alister-minosol-f-solution-minoxidil-5-finasteride-0-1-hair-loss-60ml.jpg,1480,"MINOSOL-F Alister розчин з міноксидилом 5% і фінастеридом 0,1% для шкіри голови, 60 мл",
92207751125411.jpg,alister-tretin-cream-tretinoin-0-05-acne-20g.jpg,1478,"Крем з третиноїном 0,05% для шкіри з акне Tretin Cream Alister 20 г",http://kirkland.in.ua/tretin-cream-tretinoin-0-05-alister-ua
43.jpg,alister-tretinol-h-minoxybooster-gel-tretinoin-0-1-hair-growth-2.jpg,1479,"TRETINOL-H MinoxyBooster Gel Alister гель з третиноїном 0,1% для користувачів міноксидилу,",http://kirkland.in.ua/tretinol-h-minoxybooster-gel-tretinoin-0-1-alister-ua
37.jpg,alister-tretinol-h-minoxybooster-gel-tretinoin-0-1-hair-growth.jpg,1479,"TRETINOL-H MinoxyBooster Gel Alister гель з третиноїном 0,1% для користувачів міноксидилу,",http://kirkland.in.ua/tretinol-h-minoxybooster-gel-tretinoin-0-1-alister-ua
c87cbd53-cae5-4048-9b7e-4b49aaf2c230.png,alister-ulact-p-cream-urea-10-lactic-acid-10-dry-rough-skin-2.png,1482,"ULACT-P Alister крем із сечовиною 10%, молочною кислотою 10%, пропіленгліколем і рідким па",http://kirkland.in.ua/ulact-p-alister-urea-lactic-acid-cream-ua
5478fb3c-41e7-446d-a451-7788d547e83a.png,alister-ulact-p-cream-urea-10-lactic-acid-10-dry-rough-skin.png,1482,"ULACT-P Alister крем із сечовиною 10%, молочною кислотою 10%, пропіленгліколем і рідким па",http://kirkland.in.ua/ulact-p-alister-urea-lactic-acid-cream-ua
4.jpg,atomy-toothbrush-super-slim-sensitive-gums-8pcs-2.jpg,1399,Atomy зубна щітка з ультратонкою щетиною набір 8 шт,
6.jpg,atomy-toothbrush-super-slim-sensitive-gums-8pcs-3.jpg,1399,Atomy зубна щітка з ультратонкою щетиною набір 8 шт,
7.jpg,atomy-toothbrush-super-slim-sensitive-gums-8pcs-4.jpg,,,
1399_0.jpg,atomy-toothbrush-super-slim-sensitive-gums-8pcs-5.jpg,1399,,
1399_01.jpg,atomy-toothbrush-super-slim-sensitive-gums-8pcs.jpg,1399,Atomy зубна щітка з ультратонкою щетиною набір 8 шт,
9.jpg,atomy-toothpaste-propolis-green-tea-set-4x50ml-2.jpg,1395,"Зубна паста Atomy з прополісом і зеленим чаєм, набір 4×50 мл",
8.jpg,atomy-toothpaste-propolis-green-tea-set-4x50ml.jpg,1395,"Зубна паста Atomy з прополісом і зеленим чаєм, набір 4×50 мл",
175.jpg,avon-doron-daily-esthe-face-wash-charcoal-clay-pores-120g.jpg,1361,Пінка з глиною та вугіллям Avon Doron Daily Esthe Face Wash Charcoal,http://kirkland.in.ua/avon-doron-daily-esthe-face-wash-charcoal-120g-ua
110.jpg,azelax-gel-azelaic-acid-20-acne-20g-2.jpg,378,Гель Azelax Азелаiновая кислота 20% 20г,http://kirkland.in.ua/azelayinova-kyslota-krem-20
ae8e9243-a036-4e77-b607-6ffc712a8d1b.png,azelax-gel-azelaic-acid-20-acne-20g-3.png,378,Гель Azelax Азелаiновая кислота 20% 20г,http://kirkland.in.ua/azelayinova-kyslota-krem-20
-20 (5).png,azelax-gel-azelaic-acid-20-acne-20g.png,378,Гель Azelax Азелаiновая кислота 20% 20г,http://kirkland.in.ua/azelayinova-kyslota-krem-20
c5d0035e-48f7-4787-8a88-fe1c31ca2429.png,azelderm-cream-azelaic-acid-acne-30g-2.png,170,Azelderm Азельдерм крем від вугрів 30 г,http://kirkland.in.ua/azelderm-krem-vid-vugriv
ad1ecf31-da84-494e-8c4a-ed86286937e8.png,azelderm-cream-azelaic-acid-acne-30g.png,170,Azelderm Азельдерм крем від вугрів 30 г,http://kirkland.in.ua/azelderm-krem-vid-vugriv
136.jpg,b-ample-hyaluronic-niacinamide-face-lotion-hydration-185ml.jpg,1409,"Зволожувальний лосьйон B Ample з гіалуроновою кислотою та ніацинамідом, 185 мл",http://kirkland.in.ua/b-ample-hyaluronic-lotion-185ml
163.jpg,b-ample-retinol-niacinamide-face-lotion-anti-aging-185ml.jpg,1411,"Зволожувальний лосьйон для обличчя B Ample з ретинолом та ніацинамідом, 185 мл",http://kirkland.in.ua/b-ample-retinol-niacinamide-lotion-185ml
145.jpg,b-ample-vital-white-enrich-sheet-mask-brightening.jpg,1351,Преміальні тканинні маски B ample Vital White Enrich,http://kirkland.in.ua/b-ample-vital-white-enrich-maska-kupiti-ua
146.jpg,b-ample-vital-white-sheet-mask-brightening.jpg,1349,Преміальна тканинна маска B ample Vital White,http://kirkland.in.ua/b-ample-vital-white-beauty-serum-mask-clear-7
162.jpg,b-ample-vitamin-c-niacinamide-face-lotion-brightening-185ml.jpg,1410,"Зволожувальний лосьйон для обличчя B Ample з вітаміном C та ніацинамідом, 185 мл",http://kirkland.in.ua/b-ample-vitamin-c-niacinamide-lotion-185ml
3.jpg,banner-dr-hedison-miracle-cushion-promo.jpg,,,
2.jpg,banner-eleneon-tretinoin-gels-acne-promo-2.jpg,,,
1.jpg,banner-eleneon-tretinoin-gels-acne-promo.jpg,,,
1515-1000x1000.png,benzac-ac-gel-wash-benzoyl-peroxide-5-acne-cleansing.png,1515,"Benzac AC Gel Wash 5% гель для вмивання з бензоїл пероксидом від акне, 100 мл",http://kirkland.in.ua/benzac-ac-gel-wash-5-100ml-ua
1512-1000x1000.png,benzac-power-patch-fast-fix-salicylic-acid-acne-12pcs.png,1512,,
13.jpg,betadine-gel-10-povidone-iodine-antiseptic-100g.jpg,1466,Бетадин 10% гель антисептичний з повідон-йодом 100 г Viatris,
25.jpg,betadine-iodopovidone-gauze-dressings-10-antiseptic-wounds-10pcs.jpg,1072,Betadine 10% Iodopovidone марлеві пов'язки з розчином йодоповідону 10 шт,http://kirkland.in.ua/betadine-ua
14.jpg,betadine-solution-10-antiseptic-wounds-125ml.jpg,1202,Антисептичний розчин для обробки ран Бетадін 10% (Betadine) 125 мл,http://kirkland.in.ua/betadin-10-rozchin-125ml
171.jpg,biyougeneki-moisture-ch-lotion-hyaluronic-collagen-hydration.jpg,1389,BIYOUGENEKI Moisture CH Lotion зволожувальний лосьйон з гіалуроновою кислотою та колагеном,
116.jpg,chanosui-matcha-face-wash-cleansing-120g.jpg,1346,Пінка для вмивання CHANOSUI Matcha Face Wash,http://kirkland.in.ua/chanosui-matcha-face-wash-120g
207.jpg,citruspa-airy-moist-shampoo-moisture-volume-470ml-2.jpg,1370,Японський SPA-шампунь для зволоження та об'єму Citruspa Airy & Moist 470 мл,http://kirkland.in.ua/citruspa-airy-moist-shampoo
114.jpg,citruspa-airy-moist-shampoo-moisture-volume-470ml.jpg,1370,Японський SPA-шампунь для зволоження та об'єму Citruspa Airy & Moist 470 мл,http://kirkland.in.ua/citruspa-airy-moist-shampoo
208.jpg,citruspa-airy-moist-treatment-conditioner-moisture-470ml.jpg,1371,Легкий зволожуючий кондиціонер для волосся BRILLER CITRUSPA Airy & Moist Treatment 470 мл,http://kirkland.in.ua/citruspa-airy-moist-treatment-kupit-ua
167.jpg,citruspa-airy-moist-treatment-refill-moisture.jpg,1436,CITRUSPA Airy & Moist Treatment (Refill) — зволожувальний тритмент для легкості та мʼякост,http://kirkland.in.ua/citruspa-airy-moist-treatment-refill
125.jpg,citruspa-neo-smooth-shampoo-refill-smoothness-400ml-2.jpg,1442,CITRUSPA Neo Smooth Shampoo Refill – відновлюючий SPA-шампунь для волосся 400 мл,http://kirkland.in.ua/citruspa-neo-smooth-shampoo-refill-400ml
120.jpg,citruspa-neo-smooth-shampoo-refill-smoothness-400ml.jpg,1442,CITRUSPA Neo Smooth Shampoo Refill – відновлюючий SPA-шампунь для волосся 400 мл,http://kirkland.in.ua/citruspa-neo-smooth-shampoo-refill-400ml
115.jpg,citruspa-neo-smooth-shampoo-smoothness-shine-470ml-2.jpg,1367,Відновлюючий SPA-шампунь для гладкості та блиску CITRUSPA Neo Smooth Shampoo 470 мл,http://kirkland.in.ua/citruspa-neo-smooth-shampoo-ua
109.jpg,citruspa-neo-smooth-shampoo-smoothness-shine-470ml.jpg,1367,Відновлюючий SPA-шампунь для гладкості та блиску CITRUSPA Neo Smooth Shampoo 470 мл,http://kirkland.in.ua/citruspa-neo-smooth-shampoo-ua
206.jpg,citruspa-neo-smooth-treatment-damaged-hair-470ml.jpg,1368,Відновлюючий SPA-бальзам CITRUSPA Neo Smooth Treatment 470 мл,http://kirkland.in.ua/citruspa-neo-smooth-treatment
123.jpg,citruspa-neo-smooth-treatment-refill-damaged-hair-400ml-2.jpg,1441,CITRUSPA Neo Smooth Treatment Refill – відновлюючий SPA-тритмент для волосся 400 мл,http://kirkland.in.ua/citruspa-neo-smooth-treatment-refill-400ml
124.jpg,citruspa-neo-smooth-treatment-refill-damaged-hair-400ml-3.jpg,1441,CITRUSPA Neo Smooth Treatment Refill – відновлюючий SPA-тритмент для волосся 400 мл,http://kirkland.in.ua/citruspa-neo-smooth-treatment-refill-400ml
122.jpg,citruspa-neo-smooth-treatment-refill-damaged-hair-400ml.jpg,1441,CITRUSPA Neo Smooth Treatment Refill – відновлюючий SPA-тритмент для волосся 400 мл,http://kirkland.in.ua/citruspa-neo-smooth-treatment-refill-400ml
62a5f9ab-e38f-45bb-92bb-ff615c3a792e.png,clinoper-gel-clindamycin-1-benzoyl-peroxide-5-acne-25g.png,319,Гель Clinoper кліндаміцин 1 і бензоїл пероксид 5 Benzoxin Дуак 25г,http://kirkland.in.ua/clinoper-gel-1-5-acne-treatment-ua
152.jpg,cosmetex-roland-junsuhada-japanese-peppermint-cool-roll-on-gel-cooling.jpg,1383,Охолоджувальний роликовий гель Cosmetex Roland JUNSUHADA Japanese Peppermint Cool Roll On,http://kirkland.in.ua/junsuhada-japanese-peppermint-cool-roll-on-jelly
174.jpg,cosmetex-roland-kankitsu-ohji-clay-foam-men-cleansing-2.jpg,1359,Чоловіча пінка Cosmetex Roland KANKITSU OHJI Off Clay Foam,http://kirkland.in.ua/muzhskaya-penka-clay-foam-ua
203.jpg,cosmetex-roland-kankitsu-ohji-clay-foam-men-cleansing-3.jpg,1359,Чоловіча пінка Cosmetex Roland KANKITSU OHJI Off Clay Foam,http://kirkland.in.ua/muzhskaya-penka-clay-foam-ua
137.jpg,cosmetex-roland-kankitsu-ohji-clay-foam-men-cleansing.jpg,1359,Чоловіча пінка Cosmetex Roland KANKITSU OHJI Off Clay Foam,http://kirkland.in.ua/muzhskaya-penka-clay-foam-ua
185.jpg,cosmetex-roland-kankitsu-ohji-clear-whip-refill-men-cleansing-300ml.jpg,1357,Чоловіча рефіл-пінка для вмивання Cosmetex Roland KANKITSU OHJI Off Facial Clear Whip N 30,http://kirkland.in.ua/cosmetex-roland-kankitsu-ohji-clear-whip-refill-300ml
188.jpg,cosmetex-roland-kankitsu-ohji-facial-clear-whip-men-cleansing-360ml.jpg,1356,Чоловіча пінка для вмивання Cosmetex Roland KANKITSU OHJI Off Facial Clear Whip,http://kirkland.in.ua/cosmetex-roland-kankitsu-ohji-clear-whip-men-360ml
180.jpg,cosmetex-roland-kankitsu-ohji-men-peeling-gel-230ml-2.jpg,1355,Cosmetex Roland KANKITSU OHJI чоловічий пілінг-гель,http://kirkland.in.ua/cosmetex-roland-kankitsu-ohji-men-peeling-gel-230ml
179.jpg,cosmetex-roland-kankitsu-ohji-men-peeling-gel-230ml.jpg,1355,Cosmetex Roland KANKITSU OHJI чоловічий пілінг-гель,http://kirkland.in.ua/cosmetex-roland-kankitsu-ohji-men-peeling-gel-230ml
177.jpg,cotbye-black-strawberry-scrub-foam-blackheads.jpg,1354,Cotbye Black Strawberry — пінка-скраб,http://kirkland.in.ua/cotbye-black-strawberry-cleanser
24.jpg,cutacnyl-gel-benzoyl-peroxide-2-5-acne-40g.jpg,748,Кутакніл Бензак АС гель з бензоїлом пероксидом Cutacnyl 40гр Франція 2.5%,http://kirkland.in.ua/cutacnyl2
1525.jpg,debeaus-intensive-energenic-cushion-complete-anti-aging-foundation-15g.jpg,1525,"Антивіковий тональний кушон для обличчя DEBEAUS Intensive Energenic Cushion Complete, 15 г (з рефілом 15 г)",http://kirkland.in.ua/debeaus-intensive-energenic-cushion-complete
31.jpg,dermabel-ointment-skin-inflammation-30g.jpg,782,Мазь Dermabel від шкірних проблем Дермабель 30 г,
106.jpg,dermatix-ultra-gel-scars-wounds-15g-2.jpg,649,Дерматикс Ультра чultra гель від шрамів та ран 15 г,
107.jpg,dermatix-ultra-gel-scars-wounds-15g-3.jpg,649,Дерматикс Ультра чultra гель від шрамів та ран 15 г,
49.jpg,dermatix-ultra-gel-scars-wounds-15g-4.jpg,649,Дерматикс Ультра чultra гель від шрамів та ран 15 г,
50.jpg,dermatix-ultra-gel-scars-wounds-15g-5.jpg,649,Дерматикс Ультра чultra гель від шрамів та ран 15 г,
105.jpg,dermatix-ultra-gel-scars-wounds-15g.jpg,649,Дерматикс Ультра чultra гель від шрамів та ран 15 г,
krem-dyfferyn-differine-frantsiia-86170761639590 (3).webp,differine-cream-adapalene-acne-2.webp,651,Крем від прищів Differin Дифферін - Differine adapalene Франція,http://kirkland.in.ua/adapalene
6bd8e6a8-33ed-46b6-a594-a1e3d4f39301.png,differine-cream-adapalene-acne.png,651,Крем від прищів Differin Дифферін - Differine adapalene Франція,http://kirkland.in.ua/adapalene
178.jpg,dotbye-pore-face-wash-white-blackheads-120g.jpg,1390,dotbye Pore Face Wash White ензимна пінка проти чорних цяток 120г,http://kirkland.in.ua/dotbye-pore-face-wash-white-120g-ua
61224af8-33a0-49fc-9f68-b2ede6999c61.jpg,dr-hedison-cc-cream-natural-skin-spf38-foundation-50ml-2.jpg,6122,,
ff2d2f8f-d41f-4a85-bd53-a9865f78dcfa.png,dr-hedison-cc-cream-natural-skin-spf38-foundation-50ml-3.png,,,
59ab7641-55e9-4d4c-8d64-42b91e29d6e4.jpg,dr-hedison-cc-cream-natural-skin-spf38-foundation-50ml.jpg,,,
89fdcfc5-d51e-476a-9407-cdb849899a05.png,dr-hedison-miracle-cushion-spf50-foundation-15g-2.png,,,
f0dc50dc-70e9-48bf-99a6-284775584560.png,dr-hedison-miracle-cushion-spf50-foundation-15g-3.png,,,
hedison-cushion ra50+++.jpg,dr-hedison-miracle-cushion-spf50-foundation-15g-4.jpg,,,
23.jpg,dr-hedison-miracle-cushion-spf50-foundation-15g.jpg,1457,"Dr.Hedison Miracle Cushion SPF50 PA+++ — адаптивний кушон для теплого відтінку шкіри, 15 г",http://kirkland.in.ua/dr-hedison-miracle-cushion-spf50-ua
1530_.jpg,dr-hedison-returning-eye-patch-peptides-gold-anti-wrinkle-60pcs-2.jpg,1530,,
028ce2db-5bf2-4a3e-b6d3-2cc88496113f.png,dr-hedison-returning-eye-patch-peptides-gold-anti-wrinkle-60pcs-3.png,028,,
c407452d-b424-4e71-bc86-9c96be4dd9a9.png,dr-hedison-returning-eye-patch-peptides-gold-anti-wrinkle-60pcs-4.png,,,
1527-0.jpg,dr-hedison-returning-eye-patch-peptides-gold-anti-wrinkle-60pcs.jpg,1527,"Гідрогелеві омолоджувальні патчі під очі з пептидами та золотом Dr.HEDISON Returning Eye Patch, 60 шт",http://kirkland.in.ua/dr-hedison-returning-eye-patch-60pcs
143.jpg,dr-richesse-pec-360-revine-bubble-cleanser-150ml-2.jpg,1475,Пінка для вмивання Dr.Richesse PEC 360 Revine Bubble Cleanser 150 мл,http://kirkland.in.ua/dr-richesse-pec-360-bubble-cleanser
144.jpg,dr-richesse-pec-360-revine-bubble-cleanser-150ml-3.jpg,1475,Пінка для вмивання Dr.Richesse PEC 360 Revine Bubble Cleanser 150 мл,http://kirkland.in.ua/dr-richesse-pec-360-bubble-cleanser
17326928273627 (1).jpg,dr-richesse-pec-360-revine-bubble-cleanser-150ml-4.jpg,1475,Пінка для вмивання Dr.Richesse PEC 360 Revine Bubble Cleanser 150 мл,http://kirkland.in.ua/dr-richesse-pec-360-bubble-cleanser
142.jpg,dr-richesse-pec-360-revine-bubble-cleanser-150ml.jpg,1475,Пінка для вмивання Dr.Richesse PEC 360 Revine Bubble Cleanser 150 мл,http://kirkland.in.ua/dr-richesse-pec-360-bubble-cleanser
10.png,dr-richesse-pec-360-revine-sheet-mask-pdrn-collagen-niacinamide-2.png,1483,"Dr.RICHESSE PEC 360 REVINE Mask тканинна маска для обличчя з PDRN, колагеном, ніацинамідом",http://kirkland.in.ua/drrichesse-pec-360-revine-mask
11.jpg,dr-richesse-pec-360-revine-sheet-mask-pdrn-collagen-niacinamide-3.jpg,1483,"Dr.RICHESSE PEC 360 REVINE Mask тканинна маска для обличчя з PDRN, колагеном, ніацинамідом",http://kirkland.in.ua/drrichesse-pec-360-revine-mask
36997173616744.webp,dr-richesse-pec-360-revine-sheet-mask-pdrn-collagen-niacinamide-4.webp,1483,"Dr.RICHESSE PEC 360 REVINE Mask тканинна маска для обличчя з PDRN, колагеном, ніацинамідом",http://kirkland.in.ua/drrichesse-pec-360-revine-mask
10.jpg,dr-richesse-pec-360-revine-sheet-mask-pdrn-collagen-niacinamide.jpg,1483,"Dr.RICHESSE PEC 360 REVINE Mask тканинна маска для обличчя з PDRN, колагеном, ніацинамідом",http://kirkland.in.ua/drrichesse-pec-360-revine-mask
141.jpg,dr-richesse-pec-360-revine-sunscreen-spf50-uv-protection-50ml-2.jpg,1474,Сонцезахисний крем Dr. Richesse PEC 360 REVINE Sunscreen SPF 50+ PA++++ 50 мл,http://kirkland.in.ua/dr-richesse-pec-360-revine-sunscreen-spf50
140.jpg,dr-richesse-pec-360-revine-sunscreen-spf50-uv-protection-50ml.jpg,1474,Сонцезахисний крем Dr. Richesse PEC 360 REVINE Sunscreen SPF 50+ PA++++ 50 мл,http://kirkland.in.ua/dr-richesse-pec-360-revine-sunscreen-spf50
duoderm-hydrohel-sterylnaia-hydrokolloydnaia-helevaia-poviazka-duoderm-hydrogel-sterile-hydrocolloid-gel-dressing-15-h-80746966391716.webp,duoderm-hydrogel-hydrocolloid-wound-dressing-15g-2.webp,450,Дуодерм Гідрогель стерильна гідроколоїдна гелева пов'язка Duoderm 15 г,
27.jpg,duoderm-hydrogel-hydrocolloid-wound-dressing-15g.jpg,450,Дуодерм Гідрогель стерильна гідроколоїдна гелева пов'язка Duoderm 15 г,
60.jpg,efaderm-galderma-cream-very-dry-skin-60g-2.jpg,1392,"Зволожувальний крем для дуже сухої та зневодненої шкіри Efaderm (Ефадерм) Galderma, 60 г",http://kirkland.in.ua/efaderm-krem-60g-galderma
59.jpg,efaderm-galderma-cream-very-dry-skin-60g.jpg,1392,"Зволожувальний крем для дуже сухої та зневодненої шкіри Efaderm (Ефадерм) Galderma, 60 г",http://kirkland.in.ua/efaderm-krem-60g-galderma
1103.png,eleclin-t-gel-tretinoin-clindamycin-acne-15g.png,1103,Гель Максіклін від вугрової висипки з третиноїном і кліндаміцином Eleclin-T 15г,http://kirkland.in.ua/eleclin-t-ua
d81c39e0-1d77-46ee-bfd9-9179a1d3d1ca.png,eleneon-a-gel-adapalene-acne-cleansing-20g-2.png,1087,Гель Eleneon-A з ада-пале-ном для очищення шкіри 20 г,http://kirkland.in.ua/eleneon-a-ua
hel-eleneon-a-z-ada-pale-nom-dlia-ochyshchennia-shkiry-20-h-67017758012513 (2).webp,eleneon-a-gel-adapalene-acne-cleansing-20g-3.webp,1087,Гель Eleneon-A з ада-пале-ном для очищення шкіри 20 г,http://kirkland.in.ua/eleneon-a-ua
54.jpg,eleneon-a-gel-adapalene-acne-cleansing-20g.jpg,1087,Гель Eleneon-A з ада-пале-ном для очищення шкіри 20 г,http://kirkland.in.ua/eleneon-a-ua
90.jpg,eleneon-tretinoin-gel-0-025-acne-30g-2.jpg,1099,"Третиноїн гель від прищів 0,025% Tretinoin Eleneon 30г Новий Menarini",http://kirkland.in.ua/eleon-tretinoin-0025-ua
1099.png,eleneon-tretinoin-gel-0-025-acne-30g.png,1099,"Третиноїн гель від прищів 0,025% Tretinoin Eleneon 30г Новий Menarini",http://kirkland.in.ua/eleon-tretinoin-0025-ua
91.jpg,eleneon-tretinoin-gel-0-05-acne-30g-2.jpg,1100,"Третиноїн гель від прищів 0,05 Tretinoin Eleneon 30г Новий Menarini",http://kirkland.in.ua/eleneon-005-gel-ua
1100.png,eleneon-tretinoin-gel-0-05-acne-30g.png,1100,"Третиноїн гель від прищів 0,05 Tretinoin Eleneon 30г Новий Menarini",http://kirkland.in.ua/eleneon-005-gel-ua
96.jpg,eleneon-tretinoin-gel-0-1-acne-30g-2.jpg,1101,"Третиноїн гель від прищів 0,1 Tretinoin Eleneon 30г Новий Menarini",
61.jpg,eleneon-tretinoin-gel-0-1-acne-30g.jpg,1101,"Третиноїн гель від прищів 0,1 Tretinoin Eleneon 30г Новий Menarini",
e92e1c9e-3918-40b1-941a-903c0a309499.png,envisha-scar-cream-scars-stretch-marks-postacne.png,1501,"ENVISHA Scar Cream крем для шрамів, рубців, розтяжок і слідів постакне з мигдальною олією",http://kirkland.in.ua/envisha-scar-cream
97807168543422 (1).webp,epiduo-gel-adapalene-0-1-benzoyl-peroxide-2-5-acne-2.webp,774,"Гель для догляду за шкірою Epiduo Еффезел Адапален 0,1 і перекис бензоїлу 2,5",http://kirkland.in.ua/epiduo-ua
383333a5-c4d5-4475-834f-ff23c970ea3f.png,epiduo-gel-adapalene-0-1-benzoyl-peroxide-2-5-acne.png,774,"Гель для догляду за шкірою Epiduo Еффезел Адапален 0,1 і перекис бензоїлу 2,5",http://kirkland.in.ua/epiduo-ua
26.jpg,equate-triple-antibiotic-ointment-cuts-wounds-28g-2.jpg,1164,Мазь для першої допомоги при порізах Equate Triple Antibiotic 28г США,
19.jpg,equate-triple-antibiotic-ointment-cuts-wounds-28g.jpg,1164,Мазь для першої допомоги при порізах Equate Triple Antibiotic 28г США,
22.jpg,erythrogel-gel-erythromycin-4-acne-2.jpg,771,Erythrogel 4 Ерітрогель Ерітроміцин гель від акне Франція,http://kirkland.in.ua/erythrogel-ua
21.jpg,erythrogel-gel-erythromycin-4-acne.jpg,771,Erythrogel 4 Ерітрогель Ерітроміцин гель від акне Франція,http://kirkland.in.ua/erythrogel-ua
138.jpg,exosome-glutathione-enrich-face-lotion-brightening-300ml.jpg,1408,"Лосьйон для обличчя Exosome Glutathione Enrich з екзосомами та глутатіоном, 300 мл",http://kirkland.in.ua/exosome-glutathione-enrich-lotion-300ml
88.jpg,expigment-cream-hydroquinone-4-pigmentation-30g-2.jpg,157,"Експігмент крем 4%, 30 г",http://kirkland.in.ua/expigment-krem-4-30-g
89.jpg,expigment-cream-hydroquinone-4-pigmentation-30g-3.jpg,157,"Експігмент крем 4%, 30 г",http://kirkland.in.ua/expigment-krem-4-30-g
35.jpg,expigment-cream-hydroquinone-4-pigmentation-30g.jpg,157,"Експігмент крем 4%, 30 г",http://kirkland.in.ua/expigment-krem-4-30-g
117.jpg,hair-thee-protein-hair-mask-damaged-hair.jpg,1379,Протеїнова маска Hair Thee Protein Hair Mask,http://kirkland.in.ua/hair-thee-protein-hair-mask
195.jpg,hair-thee-protein-shampoo-damaged-hair.jpg,1377,Протеїновий шампунь Hair Thee Protein Shampoo,
196.jpg,hair-thee-protein-treatment-damaged-hair.jpg,1378,Протеїновий трітмент Hair Thee Protein Treatment,
krem-vid-akne-z-tretynoinom-malaiziia-005-13587763200769 (1).webp,hh-tretinoin-cream-0-05-acne-wrinkles-30g-2.webp,220,Tretinoin Cream 0.05% H&H Крем з третиноіном 30г,http://kirkland.in.ua/tretinoin-cream-0-05-krem-z-tretynoinom
220_.jpg,hh-tretinoin-cream-0-05-acne-wrinkles-30g.jpg,220,Tretinoin Cream 0.05% H&H Крем з третиноіном 30г,http://kirkland.in.ua/tretinoin-cream-0-05-krem-z-tretynoinom
46.jpg,ialuset-cream-hyaluronic-acid-wound-healing-25g.jpg,182,Крем для шкіри Ialuset 25g,
32.jpg,iruxol-ointment-collagenase-wound-cleansing.jpg,205,Іруксол Iruxol Італія,
40.jpg,jalupro-amino-acid-complex-collagen-stimulation-2.jpg,907,Комплекс амінокислот для стимуляції колагену Ялупро Jalupro,http://kirkland.in.ua/Jalupro-1
41.jpg,jalupro-amino-acid-complex-collagen-stimulation-3.jpg,907,Комплекс амінокислот для стимуляції колагену Ялупро Jalupro,http://kirkland.in.ua/Jalupro-1
39.jpg,jalupro-amino-acid-complex-collagen-stimulation.jpg,907,Комплекс амінокислот для стимуляції колагену Ялупро Jalupro,http://kirkland.in.ua/Jalupro-1
47.jpg,jaysuing-silicone-scar-gel-scars-30g.jpg,1157,Гель від рубців на основі силікону Jaysuing Silicone Scar Gel 30 г,http://kirkland.in.ua/jaysuing-silicon-scar-gel-ua
151.jpg,junsuhada-japanese-peppermint-water-mist-cooling-250ml.jpg,1384,Тригер-спрей з японською м'ятою Japanese Peppermint Water Mist,http://kirkland.in.ua/japanese-peppermint-mist-250ml
148.jpg,junsuhada-wa-hakka-body-soap-refresh-japanese-peppermint-480ml.jpg,1386,Junsohada Wa Hakka Body Soap Refresh освіжаюче рідке мило для тіла з японською м'ятою 480,
150.jpg,junsuhada-wa-hakka-scalp-shampoo-japanese-peppermint-485ml.jpg,1385,Junsohada Wa Hakka Shampoo for Scalp шампунь для шкіри голови з японською м'ятою 485 мл,http://kirkland.in.ua/japanese-peppermint-amino-shampoo
173.jpg,kankitsu-ohji-melano-search-vita-c-foam-pigmentation.jpg,1360,Пінка з вітаміном C KANKITSU OHJI Melano Search Vita-C Foam,http://kirkland.in.ua/melano-search-vita-c-foam-ua
147.jpg,keana-sauna-enzyme-scrub-mask-pores.jpg,1353,KEANA SAUNA термальна ензимна маска-скраб,http://kirkland.in.ua/keana-sauna-enzyme-scrub-pack
103.jpg,kelo-cote-silicone-scar-gel-scars-15g-2.jpg,1471,"Силіконовий гель для лікування рубців та шрамів KELO-COTE (Кело-Коут), 15 г",http://kirkland.in.ua/kelo-cote-scar-gel-15g
102.jpg,kelo-cote-silicone-scar-gel-scars-15g.jpg,1471,"Силіконовий гель для лікування рубців та шрамів KELO-COTE (Кело-Коут), 15 г",http://kirkland.in.ua/kelo-cote-scar-gel-15g
104.jpg,kelo-cote-silicone-scar-gel-scars-30g-2.jpg,104,,
12.jpg,kelo-cote-silicone-scar-gel-scars-30g.jpg,,,
20.jpg,kirkland-ibuprofen-200mg-pain-relief-500-tablets.jpg,811,Ibuprofen Kirkland 200 mg Ібупрофен 500 таблеток знеболююче США,http://kirkland.in.ua/ibuprof-ua
hel-kojivit-ultra-koiieva-kyslota-vid-pihmentatsii-30h-indiia-54043733103370.webp,kojivit-ultra-gel-pigmentation-postacne-30g.webp,1178,"Kojivit Ultra Gel 30 г гель від пігментних плям, постакне та нерівного тону шкіри",http://kirkland.in.ua/kojivit-ultra-gel-osvetlyayushchiy-gel-dlya-lica-30g-ua
155.jpg,latte-botanical-cleanse-gel-makeup-removal-300ml.jpg,1382,Очищувальний гель для зняття макіяжу Latte Botanical Cleanse Gel 300 мл,http://kirkland.in.ua/latte-botanical-cleanse-gel-ua
52.jpg,lifestyle-facial-redness-rosacea-skin.jpg,,,
204.jpg,loshi-charcoal-mud-face-wash-pores-120g-2.jpg,1348,Очищувальна піна Loshi Charcoal Mud Face Wash 120г,http://kirkland.in.ua/loshi-charcoal-mud-face-wash
205.jpg,loshi-charcoal-mud-face-wash-pores-120g-3.jpg,1348,Очищувальна піна Loshi Charcoal Mud Face Wash 120г,http://kirkland.in.ua/loshi-charcoal-mud-face-wash
202.jpg,loshi-charcoal-mud-face-wash-pores-120g.jpg,1348,Очищувальна піна Loshi Charcoal Mud Face Wash 120г,http://kirkland.in.ua/loshi-charcoal-mud-face-wash
154.jpg,loshi-gold-horse-oil-essence-face-hydration.jpg,1438,Loshi Gold & Horse Oil Essence — зволожувальна есенція для обличчя з кінською олією та зол,http://kirkland.in.ua/loshi-gold-horse-oil-essence
153.jpg,loshi-horse-oil-balm-dry-skin.jpg,1439,Loshi Horse Oil Balm — поживний бальзам з кінською олією для сухої шкіри,http://kirkland.in.ua/loshi-horse-oil-balm
169.jpg,loshi-horse-oil-cica-protect-hand-cream-damaged-hands.jpg,1344,Інтенсивний загоювальний крем для сухих та пошкоджених рук Loshi Horse Oil + CICA Protect,http://kirkland.in.ua/krem-dlya-ruk-loshi-cica-horse-oil-protect
119.jpg,loshi-horse-oil-ex-skin-cream-placenta-face-body-100g.jpg,1404,Крем для обличчя та тіла з кінською олією і плацентою Loshi Horse Oil EX Skin Cream 100 г,http://kirkland.in.ua/loshi-horse-oil-ex-skin-cream-100g
176.jpg,loshi-horse-oil-hand-cream-dry-hands-45g.jpg,1343,Зволожувальний крем для рук з кінським жиром Loshi 45г,http://kirkland.in.ua/krem-dlya-ruk-z-konskim-zhyrom-loshi
164.jpg,loshi-horse-oil-moist-face-foam-cleansing-130g.jpg,1407,"Пінка для вмивання обличчя Loshi Horse Oil Moist з кінським жиром, 130 г",http://kirkland.in.ua/loshi-horse-oil-moist-face-foam-130g
168.jpg,loshi-horse-oil-moisturizing-cream-dry-skin.jpg,1342,Зволожуючий крем з кінським жиром Loshi Horse Oil,http://kirkland.in.ua/loshi-horse-oil-krem-z-kinskim-zhyrom
165.jpg,loshi-horse-oil-natural-milk-lotion-face-body-485g.jpg,1402,Лосьйон для обличчя та тіла з кінською олією Loshi Horse Oil Natural Milk Lotion 485 г,http://kirkland.in.ua/loshi-horse-oil-natural-milk-lotion-485g
161.jpg,loshi-horse-oil-rich-skin-cream-dry-skin-200g.jpg,1406,"Крем для шкіри Loshi Horse Oil Rich з кінським жиром, 200 г",http://kirkland.in.ua/loshi-horse-oil-rich-skin-cream-200g
166.jpg,loshi-moist-aid-urea-skin-cream-dry-rough-skin-220g.jpg,1403,Крем для тіла та обличчя з сечовиною Loshi Moist Aid Urea Skin Cream 220 г,http://kirkland.in.ua/loshi-moist-aid-urea-skin-cream-220g
118.jpg,loshi-premium-horse-oil-face-cream-niacinamide-40g.jpg,1405,"Крем для обличчя Loshi Premium Horse Oil з ніацинамідом, 40 г",http://kirkland.in.ua/loshi-premium-horse-oil-cream-40g
170.jpg,loshi-rich-moist-hand-cream-horse-oil-q10-dry-hands-80g.jpg,1345,Loshi Hand Cream Rich Moist з кінським жиром та Q10 для рук 80 г,http://kirkland.in.ua/krem-dlya-ruk-loshi-konska-oliya-q10-rich-moist
maz-made-cassol-1-40-h-15793204698468 (1).webp,madecassol-ointment-1-skin-regeneration-40g-2.webp,155,Мазь для регенерації шкіри Made-cassol 1% 40 г,http://kirkland.in.ua/madekassol-maz-madecassol-40g
d49c1033-226a-4fae-ab4a-e650da483db9.png,madecassol-ointment-1-skin-regeneration-40g.png,155,Мазь для регенерації шкіри Made-cassol 1% 40 г,http://kirkland.in.ua/madekassol-maz-madecassol-40g
42603669456993 (1).jpg,melafine-cream-hydroquinone-tretinoin-mometasone-pigmentation-15g.jpg,825,"Крем від пігментації Melafine Hydroquinone, Tretinoin & Mometasone Furoate Cream 15 г",http://kirkland.in.ua/melafine-hydroquinone-tretinoin-mometasone-cream-15g-ua
98.jpg,mooyam-advanced-scar-gel-retinol-allantoin-scars-50ml-2.jpg,1472,"Гель від шрамів та рубців MOOYAM Advanced Scar Gel з ретинолом та алантоїном, 50 мл",http://kirkland.in.ua/mooyam-advanced-scar-gel-50ml
97.jpg,mooyam-advanced-scar-gel-retinol-allantoin-scars-50ml.jpg,1472,"Гель від шрамів та рубців MOOYAM Advanced Scar Gel з ретинолом та алантоїном, 50 мл",http://kirkland.in.ua/mooyam-advanced-scar-gel-50ml
73487879582347.webp,oceral-cream-1-fungal-infections.webp,138,Oceral 1% Оцерал,http://kirkland.in.ua/oceral-1
149.jpg,off-md-acne-care-whip-men-acne-360ml.jpg,1358,OFF MD Acne Care Whip — чоловіча лікувальна пінка,http://kirkland.in.ua/off-md-acne-care-whip-360ml
terapevtychnyi-hel-vid-akne-perolite-5-gel-30h-z-dozatorom-indiia.png,perolite-5-gel-benzoyl-peroxide-acne-30g-pump.png,1123,Терапевтичний гель від акне перекис бензоїла Perolite 5 gel 30г з дозатором,http://kirkland.in.ua/perolite-5-gel-ua
93.jpg,perolite-a-gel-adapalene-0-1-benzoyl-peroxide-2-5-acne-2.jpg,1086,"Perolite A Гель для догляду за шкірою Epiduo Еффезел Адапален 0,1 і перекис бензоїлу 2,5",http://kirkland.in.ua/perolite-a-gel-ua
45.jpg,perolite-a-gel-adapalene-0-1-benzoyl-peroxide-2-5-acne.jpg,1086,"Perolite A Гель для догляду за шкірою Epiduo Еффезел Адапален 0,1 і перекис бензоїлу 2,5",http://kirkland.in.ua/perolite-a-gel-ua
76.jpg,perolite-eleneon-set-clindamycin-benzoyl-peroxide-tretinoin-0-025-acne.jpg,1135,"Гель індійський Дуак Перолайт і третиноїн 0,025 Еленеон",http://kirkland.in.ua/clindamycin-benzoylperoxide-tretinoin-ua
84.jpg,perolite-gel-benzoyl-peroxide-2-5-acne-30g-2.jpg,1090,"Перекис Бензоїлу 2,5% Коригуючий Гель Benzoyl Peroxide Gel 2,5% Perolite 30г",http://kirkland.in.ua/perolite-2-5-gel-ua
85.jpg,perolite-gel-benzoyl-peroxide-2-5-acne-30g-3.jpg,1090,"Перекис Бензоїлу 2,5% Коригуючий Гель Benzoyl Peroxide Gel 2,5% Perolite 30г",http://kirkland.in.ua/perolite-2-5-gel-ua
1090.png,perolite-gel-benzoyl-peroxide-2-5-acne-30g.png,1090,"Перекис Бензоїлу 2,5% Коригуючий Гель Benzoyl Peroxide Gel 2,5% Perolite 30г",http://kirkland.in.ua/perolite-2-5-gel-ua
57.jpg,perolite-gel-benzoyl-peroxide-5-acne-2.jpg,1097,Перекис Бензоїлу 5% Коригуючий Гель Benzoyl Peroxide Gel 5% Бенз-ак Perolite,http://kirkland.in.ua/perolite-5-ua
58.jpg,perolite-gel-benzoyl-peroxide-5-acne-3.jpg,1097,Перекис Бензоїлу 5% Коригуючий Гель Benzoyl Peroxide Gel 5% Бенз-ак Perolite,http://kirkland.in.ua/perolite-5-ua
hel-dlia-problemnoi-shkiry-perolite-5-gel-30h-indiia.png,perolite-gel-benzoyl-peroxide-5-acne-4.png,1097,Перекис Бензоїлу 5% Коригуючий Гель Benzoyl Peroxide Gel 5% Бенз-ак Perolite,http://kirkland.in.ua/perolite-5-ua
1097.png,perolite-gel-benzoyl-peroxide-5-acne.png,1097,Перекис Бензоїлу 5% Коригуючий Гель Benzoyl Peroxide Gel 5% Бенз-ак Perolite,http://kirkland.in.ua/perolite-5-ua
83.jpg,perolite-gel-clindamycin-benzoyl-peroxide-acne-30g-2.jpg,1102,Гель Perolite від акне кліндаміцин і бензоїл пероксид 30г Зеркалін,http://kirkland.in.ua/perolite-clindamycin-benzoylperoxide-ua
hel-vid-akne-klindamitsyn-i-benzoil-peroksyd-30h-indiia-.png,perolite-gel-clindamycin-benzoyl-peroxide-acne-30g-3.png,1102,Гель Perolite від акне кліндаміцин і бензоїл пероксид 30г Зеркалін,http://kirkland.in.ua/perolite-clindamycin-benzoylperoxide-ua
1102.png,perolite-gel-clindamycin-benzoyl-peroxide-acne-30g.png,1102,Гель Perolite від акне кліндаміцин і бензоїл пероксид 30г Зеркалін,http://kirkland.in.ua/perolite-clindamycin-benzoylperoxide-ua
94.jpg,perolite-gel-soap-set-clindamycin-benzoyl-peroxide-acne.jpg,1109,Гель і мило Перолайт кліндаміцин і бензоїл пероксид Perolite,http://kirkland.in.ua/perolite-clindamycin-benzoyl-peroxide-ua
55.jpg,perolite-plus-soap-skin-cleansing-75g.jpg,1104,Мило Perolite Plus для очищення шкіри 75г,
95.jpg,perolite-soap-benzoyl-peroxide-2-5-acne-2.jpg,872,"Мило від акне Перолайт бензойл пероксид 2,5 Soap Perolite",http://kirkland.in.ua/soap-perolite-ua
mylo-vid-akne-perolait-benzoil-peroksyd-25-soap-perolite-.png,perolite-soap-benzoyl-peroxide-2-5-acne-3.png,872,"Мило від акне Перолайт бензойл пероксид 2,5 Soap Perolite",http://kirkland.in.ua/soap-perolite-ua
56.jpg,perolite-soap-benzoyl-peroxide-2-5-acne.jpg,872,"Мило від акне Перолайт бензойл пероксид 2,5 Soap Perolite",http://kirkland.in.ua/soap-perolite-ua
5.jpg,psorcutan-ointment-calcipotriol-0-005-psoriasis-30g-2.jpg,149,"Мазь від псоріазу Псоркутан Psorcutan 0,005 Calcipotriol 30 г",
149_0.jpg,psorcutan-ointment-calcipotriol-0-005-psoriasis-30g.jpg,149,"Мазь від псоріазу Псоркутан Psorcutan 0,005 Calcipotriol 30 г",
182.jpg,reluce-glow-bouquet-body-milk-lotion-moisturizing-glow.jpg,1365,Преміальний відновлювальний лосьйон-молочко для зволоження та сяйва RELUCE Skin Milk Lotio,http://kirkland.in.ua/reluce-glow-bouquet-skin-milk-lotion-ua
201.jpg,reluce-glow-bouquet-perfume-hand-cream-glow.jpg,1366,Преміальний парфумований крем для рук з ефектом сяйва RELUCE Perfume Hand Cream Glow Bouqu,http://kirkland.in.ua/reluce-glow-bouquet-krem-dlya-ruk-ua
183.jpg,reluce-prism-lily-body-milk-lotion-moisturizing-400ml.jpg,1412,"Молочко для тіла ReLUCE Prism Lily з парфумерним ароматом, 400 мл",http://kirkland.in.ua/reluce-prism-lily-skin-milk-lotion
194.jpg,reluce-prism-lily-glitter-serum-body-hair-80ml.jpg,1413,ReLUCE Glitter Serum Fragrance Prism Lily — парфумований серум з блиском для тіла та волос,http://kirkland.in.ua/reluce-glitter-serum-fragrance-prism-lily-80ml
135.jpg,reluce-prism-lily-perfume-hand-cream-50g.jpg,1414,"ReLUCE Prism Lily — парфумований крем для рук з ароматом фрезії, 50 г (Японія)",http://kirkland.in.ua/index.php?route=product/product&amp;product_id=1414
193.jpg,reluce-shiny-freesia-body-milk-lotion-moisturizing-2.jpg,1363,Молочко для тіла Reluce Shiny Freesia Skin Milk Lotion,http://kirkland.in.ua/reluce-shiny-freesia-skin-milk-lotion-ua
181.jpg,reluce-shiny-freesia-body-milk-lotion-moisturizing.jpg,1363,Молочко для тіла Reluce Shiny Freesia Skin Milk Lotion,http://kirkland.in.ua/reluce-shiny-freesia-skin-milk-lotion-ua
200.jpg,reluce-shiny-freesia-perfume-hand-cream-50g.jpg,1364,Парфумований крем для рук ReLUCE Shiny Freesia Hand Cream,http://kirkland.in.ua/reluce-perfume-hand-cream-shiny-freesia-50g-ua
190.jpg,s-free-silky-oil-hair-shine-smoothness.jpg,1432,S FREE Silky Oil — шовковиста олія для блиску та гладкості волосся,
199.jpg,s-free-silky-shampoo-moisturizing-480ml.jpg,1373,Зволожувальний шампунь S FREE Silky Shampoo 480 мл,http://kirkland.in.ua/s-free-silky-shampoo-480ml
186.jpg,s-free-silky-smooth-shampoo-refill-smoothing-2.jpg,1433,S FREE Silky Smooth Shampoo (Refill) — розгладжувальний шампунь для волосся,http://kirkland.in.ua/s-free-silky-smooth-shampoo-refill
127.jpg,s-free-silky-smooth-shampoo-refill-smoothing.jpg,1433,S FREE Silky Smooth Shampoo (Refill) — розгладжувальний шампунь для волосся,http://kirkland.in.ua/s-free-silky-smooth-shampoo-refill
197.jpg,s-free-silky-smooth-treatment-cashmere-keratin-smoothing-2.jpg,1434,S FREE Silky Smooth Treatment — розгладжувальний тритмент для волосся з кашеміровим керати,http://kirkland.in.ua/s-free-silky-smooth-treatment
198.jpg,s-free-silky-smooth-treatment-cashmere-keratin-smoothing-3.jpg,1434,S FREE Silky Smooth Treatment — розгладжувальний тритмент для волосся з кашеміровим керати,http://kirkland.in.ua/s-free-silky-smooth-treatment
121.jpg,s-free-silky-smooth-treatment-cashmere-keratin-smoothing.jpg,1434,S FREE Silky Smooth Treatment — розгладжувальний тритмент для волосся з кашеміровим керати,http://kirkland.in.ua/s-free-silky-smooth-treatment
192.jpg,savon-doron-vita-c-face-wash-clay-pigmentation-120g-2.jpg,1362,Глиняна пінка з вітаміном C Savon Doron Vita-C Face Wash,http://kirkland.in.ua/savon-doron-vita-c-face-wash-120g-ua
172.jpg,savon-doron-vita-c-face-wash-clay-pigmentation-120g.jpg,1362,Глиняна пінка з вітаміном C Savon Doron Vita-C Face Wash,http://kirkland.in.ua/savon-doron-vita-c-face-wash-120g-ua
101.jpg,scaraway-medical-grade-silicone-scar-gel-scars-20g-2.jpg,1470,"Силіконовий гель від шрамів та рубців ScarAway Medical-Grade Silicone Scar Gel, 20 г",http://kirkland.in.ua/scaraway-medical-grade-silicone-scar-gel-20g
51.jpg,scaraway-medical-grade-silicone-scar-gel-scars-20g-3.jpg,1470,"Силіконовий гель від шрамів та рубців ScarAway Medical-Grade Silicone Scar Gel, 20 г",http://kirkland.in.ua/scaraway-medical-grade-silicone-scar-gel-20g
53.jpg,scaraway-medical-grade-silicone-scar-gel-scars-20g-4.jpg,1470,"Силіконовий гель від шрамів та рубців ScarAway Medical-Grade Silicone Scar Gel, 20 г",http://kirkland.in.ua/scaraway-medical-grade-silicone-scar-gel-20g
99.jpg,scaraway-medical-grade-silicone-scar-gel-scars-20g-5.jpg,1470,"Силіконовий гель від шрамів та рубців ScarAway Medical-Grade Silicone Scar Gel, 20 г",http://kirkland.in.ua/scaraway-medical-grade-silicone-scar-gel-20g
100.jpg,scaraway-medical-grade-silicone-scar-gel-scars-20g.jpg,1470,"Силіконовий гель від шрамів та рубців ScarAway Medical-Grade Silicone Scar Gel, 20 г",http://kirkland.in.ua/scaraway-medical-grade-silicone-scar-gel-20g
48.jpg,scarguard-repair-liquid-scars-15ml.jpg,1075,Scarguard Repair Liquid 15 мл рідкий засіб для догляду за старими та новими рубцями,http://kirkland.in.ua/scarguard-scar-ua
108.jpg,set-adapalene-15g-benzoyl-peroxide-30g-acne.jpg,923,Комплекс від акне з Адапаленом 15г і Бензоїл Пероксидом 30г,
75.jpg,set-eleneon-max-0-1-perolite-c5-acne-retinoid-antibacterial-care.jpg,1496,Комплекс від акне Eleneon Max 0.1% + Perolite-C5 — ретиноїдний та антибактеріальний догляд,
67.jpg,set-expigment-4-perolite-soap-pigmentation-cleansing.jpg,1486,Комплекс від пігментації Expigment 4% + Perolite Soap — тон шкіри та очищення,http://kirkland.in.ua/kompleks-vid-pigmentacii-expigment-4-perolite-soap
74.jpg,set-perolite-2-5-gel-eleneon-plus-0-05-acne-balanced-care.jpg,1494,Комплекс від акне Perolite 2.5% Gel + Eleneon Plus 0.05% — збалансований догляд,http://kirkland.in.ua/kompleks-vid-akne-perolite-25-eleneon-plus
71.jpg,set-perolite-2-5-gel-perolite-c5-acne-benzoyl-peroxide-clindamycin.jpg,1497,Комплекс від акне Perolite 2.5% Gel + Perolite-C5 — бензоїл пероксид та кліндаміцин,http://kirkland.in.ua/kompleks-vid-akne-perolite-25-perolite-c5
69.jpg,set-perolite-2-5-gel-soap-perolite-c5-acne-full-bpo-complex.jpg,1499,Комплекс Perolite 2.5% Gel + Perolite Soap + Perolite-C5 — повний BPO-комплекс від акне,http://kirkland.in.ua/kompleks-perolite-25-soap-perolite-c5
73.jpg,set-perolite-5-gel-eleneon-max-0-1-acne-intensive-care.jpg,1493,Комплекс від акне Perolite 5% Gel + Eleneon Max 0.1% — інтенсивний догляд,
72.jpg,set-perolite-5-gel-eleneon-plus-0-05-acne-active-care.jpg,1495,Комплекс від акне Perolite 5% Gel + Eleneon Plus 0.05% — активний догляд,http://kirkland.in.ua/kompleks-vid-akne-perolite-5-eleneon-plus
70.jpg,set-perolite-soap-5-gel-2-5-gel-acne-bpo-care.jpg,1498,Комплекс Perolite Soap + Perolite 5% Gel + Perolite 2.5% Gel — очищення та BPO-догляд,http://kirkland.in.ua/kompleks-perolite-soap-perolite-5-perolite
68.jpg,set-perolite-soap-eleclin-t-acne-cleansing-care.jpg,1484,Комплекс від акне Perolite Soap + Eleclin-T — очищення та активний догляд,http://kirkland.in.ua/kompleks-vid-akne-perolite-soap-eleclin-t
66.jpg,set-perolite-soap-eleneon-0-025-acne-mild-retinoid-care.jpg,1487,Комплекс від акне Perolite Soap + Eleneon 0.025% — очищення та м'який ретиноїдний догляд,http://kirkland.in.ua/kompleks-vid-akne-perolite-soap-eleneon
65.jpg,set-perolite-soap-eleneon-max-0-1-acne-retinoid-care.jpg,1485,Комплекс від акне Perolite Soap + Eleneon Max 0.1% — очищення та ретиноїдний догляд,
62.jpg,set-perolite-soap-eleneon-plus-0-05-acne-cleansing-retinoid-care.jpg,1500,Комплекс від акне Perolite Soap + Eleneon Plus 0.05% — очищення та ретиноїдний догляд,http://kirkland.in.ua/kompleks-vid-akne-perolite-soap-eleneon-plus
77.jpg,set-tarlic-max-cream-tarlic-soap-flaking-cleansing.jpg,1491,Комплекс Tarlic Max Cream + Tarlic Soap — очищення та локальний догляд при лущенні,http://kirkland.in.ua/kompleks-tarlic-max-cream-tarlic-soap
78.jpg,set-tarlic-shampoo-soap-max-cream-psoriasis-seborrhea-full-care.jpg,1490,Комплекс Tarlic Shampoo + Tarlic Soap + Tarlic Max Cream — повний догляд при псоріазі та с,http://kirkland.in.ua/povnyi-kompleks-tarlic-shampoo-soap-cream
79.jpg,set-tarlic-shampoo-tarlic-max-cream-scalp-flaking-2.jpg,1489,Комплекс Tarlic Shampoo + Tarlic Max Cream — догляд при лущенні шкіри голови та локальних,http://kirkland.in.ua/kompleks-tarlic-shampoo-tarlic-max-cream
64.jpg,set-tarlic-shampoo-tarlic-max-cream-scalp-flaking.jpg,1489,Комплекс Tarlic Shampoo + Tarlic Max Cream — догляд при лущенні шкіри голови та локальних,http://kirkland.in.ua/kompleks-tarlic-shampoo-tarlic-max-cream
63.jpg,set-tarlic-shampoo-tarlic-soap-scalp-body-flaking.jpg,1488,Комплекс Tarlic Shampoo + Tarlic Soap — догляд при лущенні шкіри голови й тіла,http://kirkland.in.ua/kompleks-tarlic-shampoo-tarlic-soap-lushchennia
28.jpg,silverdin-cream-silver-sulfadiazine-burns-40g.jpg,818,Сільвердін крем для шкіри Сульфадиазин срібла Silverdin cream 40 г,http://kirkland.in.ua/Silverdin-ua
f7c27fba-5053-4c8b-ab50-080fa726598a.png,skinmiso-repair-serum-face-30ml.png,965,Skinmiso відновлююча сироватка для обличчя 30 мл Корея,
1514-1000x1000.png,soapex-classic-galderma-antibacterial-soap-face-body-75g.png,1514,"Soapex Classic Galderma антибактеріальне мило для обличчя і тіла, 75 г",http://kirkland.in.ua/soapex-classic-galderma-soap-75g-ua
29.jpg,sofargen-cream-silver-sulfadiazine-burns-120g.jpg,562,Софарген (Sofargen) крем від опіків 120 г,
30.jpg,sofargen-cream-silver-sulfadiazine-micronized-burns-wounds-30g.jpg,466,Крем із сульфадіазином срібла Софарген Мікронізований Sofargen 30 г,
92.jpg,tarlic-max-cream-psoriasis-seborrheic-dermatitis-2.jpg,1106,Крем Тарлік Макс проти псориазу і себорейного дерматиту,http://kirkland.in.ua/tarlic-krem-ua
1106.png,tarlic-max-cream-psoriasis-seborrheic-dermatitis.png,1106,Крем Тарлік Макс проти псориазу і себорейного дерматиту,http://kirkland.in.ua/tarlic-krem-ua
87.jpg,tarlic-shampoo-coal-tar-scalp-flaking-2.jpg,1088,"Шампунь для догляду за шкірою голови, схильною до лущення з кам'яновугільною смолою Tarlic",http://kirkland.in.ua/tarlic-shamoo-ua
1088 (1).jpg,tarlic-shampoo-coal-tar-scalp-flaking.jpg,1088,"Шампунь для догляду за шкірою голови, схильною до лущення з кам'яновугільною смолою Tarlic",http://kirkland.in.ua/tarlic-shamoo-ua
86.jpg,tarlic-soap-psoriasis-seborrheic-dermatitis-75g-2.jpg,1105,Тарлік мило проти псоріазу та себорейного дерматиту 75г,http://kirkland.in.ua/tarlic-soap-ua
1105 (2).jpg,tarlic-soap-psoriasis-seborrheic-dermatitis-75g.jpg,1105,Тарлік мило проти псоріазу та себорейного дерматиту 75г,http://kirkland.in.ua/tarlic-soap-ua
1321_2.jpg,triakne-gel-benzoyl-peroxide-5-acne-50g-2.jpg,1321,Triakne 5% гель з бензоїл пероксидом 50 г Базірон,
1321.jpg,triakne-gel-benzoyl-peroxide-5-acne-50g.jpg,1321,Triakne 5% гель з бензоїл пероксидом 50 г Базірон,
91466526051668.webp,triluma-cream-hydroquinone-4-tretinoin-0-05-fluocinolone-0-01-melasma.webp,572,"Крем Triluma Трілума Гідрохінон 4%+Третиноїн 0,05%+флуоцинолону ацетонід 0,01%",http://kirkland.in.ua/triluma
98731941148887 (1).webp,trosyd-cream-1-fungal-infections-20g.webp,156,"Крем Tro-syd крем 1%, 20 г",http://kirkland.in.ua/trozid-krem-1-20g-trosyd
134.jpg,truest-s-free-acid-heat-care-hair-mask-damaged-hair.jpg,1418,Truest by S FREE Acid & Heat Care Hair Mask — відновлювальна маска для волосся (True Stron,http://kirkland.in.ua/truest-s-free-acid-heat-care-hair-mask
133.jpg,truest-s-free-acid-heat-care-hair-mask-premium-damaged-hair-180g.jpg,1419,Truest by S FREE Acid & Heat Care Hair Mask Premium 180 г — преміальна відновлювальна маск,http://kirkland.in.ua/truest-acid-heat-care-hair-mask-premium-180g
191.jpg,truest-s-free-acid-heat-care-hair-oil-damaged-hair-100ml-2.jpg,1420,Truest by S FREE Acid & Heat Care Hair Oil 100 мл — відновлювальна олія для волосся,http://kirkland.in.ua/truest-s-free-acid-heat-care-hair-oil-100ml
189.jpg,truest-s-free-acid-heat-care-hair-oil-damaged-hair-100ml.jpg,1420,Truest by S FREE Acid & Heat Care Hair Oil 100 мл — відновлювальна олія для волосся,http://kirkland.in.ua/truest-s-free-acid-heat-care-hair-oil-100ml
111.jpg,truest-s-free-acid-heat-care-shampoo-damaged-hair-2.jpg,1416,Truest by S FREE Acid & Heat Care Shampoo — відновлювальний шампунь для пошкодженого волос,http://kirkland.in.ua/truest-s-free-acid-heat-care-shampoo
11.png,truest-s-free-acid-heat-care-shampoo-damaged-hair.png,1416,Truest by S FREE Acid & Heat Care Shampoo — відновлювальний шампунь для пошкодженого волос,http://kirkland.in.ua/truest-s-free-acid-heat-care-shampoo
184.jpg,truest-s-free-acid-heat-care-shampoo-refill-damaged-hair-2.jpg,1421,Truest by S FREE Acid & Heat Care Shampoo Refill — відновлювальний шампунь (змінний пакет),http://kirkland.in.ua/truest-s-free-acid-heat-care-shampoo-refill
126.jpg,truest-s-free-acid-heat-care-shampoo-refill-damaged-hair.jpg,1421,Truest by S FREE Acid & Heat Care Shampoo Refill — відновлювальний шампунь (змінний пакет),http://kirkland.in.ua/truest-s-free-acid-heat-care-shampoo-refill
113.jpg,truest-s-free-acid-heat-care-treatment-damaged-hair-480ml-2.jpg,1417,Truest by S FREE Acid & Heat Care Treatment 480 мл — відновлювальний кондиціонер для волос,http://kirkland.in.ua/truest-s-free-acid-heat-care-treatment-480ml
112.jpg,truest-s-free-acid-heat-care-treatment-damaged-hair-480ml.jpg,1417,Truest by S FREE Acid & Heat Care Treatment 480 мл — відновлювальний кондиціонер для волос,http://kirkland.in.ua/truest-s-free-acid-heat-care-treatment-480ml
